{"cameraMode":{"drawMode":0,"name":"Shaded","section":"Shading Mode"},"sceneLighting":false,"audioPlay":false,"sceneViewState":{"showFog":true,"showMaterialUpdate":false,"showSkybox":false,"showFlares":true,"showImageEffects":true,"showParticleSystems":true},"in2DMode":false,"pivot":{"x":-3.2466235160827638,"y":-1.7857306003570557,"z":0.0},"rotation":{"x":0.2965892553329468,"y":-0.04724785313010216,"z":0.014693168923258782,"w":0.9537225961685181},"size":2.260744094848633,"orthographic":true}